"Sample","Gender","Population","rs138390800","rs140473595","rs147311723","rs147464721","rs149039346","rs183135788","rs185525294","rs191860450","rs199569050","rs199804629","rs199951323","rs200180615","rs200973492","rs201900069","rs202137736","rs2285666","rs35803318","rs372272603","rs41303171","rs528054982","rs73635825","rs745514718","rs748701949","rs749750821","rs756905974","rs761614932","rs765966061","rs768558803","rs773676270","rs774469453","rs777410473","rs779199005","rs779790336","rs780574871"
"NA06984","M","CEU","T","C","G","G","A","T","T","T","G","C","A","C","A","C","T","C","C","G","T","A","A","C","C","C","T","G","G","G","T","A","T","A","C","C"
"NA06985","F","CEU","T/T","C/C","G/G","G/G","A/A","T/T","T/T","T/T","G/G","C/C","A/A","C/C","A/A","C/C","T/T","C/T","C/C","G/G","T/T","A/A","A/A","C/C","C/C","C/C","T/T","G/G","G/G","G/G","T/T","A/A","T/T","A/A","C/C","C/C"
"NA06986","M","CEU","T","C","G","G","A","T","T","T","G","C","A","C","A","C","T","C","C","G","T","A","A","C","C","C","T","G","G","G","T","A","T","A","C","C"
"NA06989","F","CEU","T/T","C/C","G/G","G/G","A/A","T/T","T/T","T/T","G/G","C/C","A/A","C/C","A/A","C/C","T/T","C/C","C/C","G/G","T/T","A/A","A/A","C/C","C/C","C/C","T/T","G/G","G/G","G/G","T/T","A/A","T/T","A/A","C/C","C/C"
"NA06994","M","CEU","T","C","G","G","A","T","T","T","G","C","A","C","A","C","T","C","C","G","T","A","A","C","C","C","T","G","G","G","T","A","T","A","C","C"
"NA07000","F","CEU","T/T","C/C","G/G","G/G","A/A","T/T","T/T","T/T","G/G","C/C","A/A","C/C","A/A","C/C","T/T","T/C","T/C","G/G","T/T","A/A","A/A","C/C","C/C","C/C","T/T","G/G","G/G","G/G","T/T","A/A","T/T","A/A","C/C","C/C"
"NA07037","F","CEU","T/T","C/C","G/G","G/G","A/A","T/T","T/T","T/T","G/G","C/C","A/A","C/C","A/A","C/C","T/T","C/C","C/C","G/G","T/T","A/A","A/A","C/C","C/C","C/C","T/T","G/G","G/G","G/G","T/T","A/A","T/T","A/A","C/C","C/C"
"NA07048","M","CEU","T","C","G","G","A","T","T","T","G","C","A","C","A","C","T","T","C","G","T","A","A","C","C","C","T","G","G","G","T","A","T","A","C","C"
"NA07051","M","CEU","T","C","G","G","A","T","T","T","G","C","A","C","A","C","T","T","C","G","T","A","A","C","C","C","T","G","G","G","T","A","T","A","C","C"
"NA07056","F","CEU","T/T","C/C","G/G","G/G","A/A","T/T","T/T","T/T","G/G","C/C","A/A","C/C","A/A","C/C","T/T","C/C","C/C","G/G","T/T","A/A","A/A","C/C","C/C","C/C","T/T","G/G","G/G","G/G","T/T","A/A","T/T","A/A","C/C","C/C"
"NA07347","M","CEU","T","C","G","G","A","T","T","T","G","C","A","C","A","C","T","T","C","G","T","A","A","C","C","C","T","G","G","G","T","A","T","A","C","C"
"NA07357","M","CEU","T","C","G","G","A","T","T","T","G","C","A","C","A","C","T","C","C","G","T","A","A","C","C","C","T","G","G","G","T","A","T","A","C","C"
"NA10847","F","CEU","T/T","C/C","G/G","G/G","A/A","T/T","T/T","T/T","G/G","C/C","A/A","C/C","A/A","C/C","T/T","C/C","C/C","G/G","T/T","A/A","A/A","C/C","C/C","C/C","T/T","G/G","G/G","G/G","T/T","A/A","T/T","A/A","C/C","C/C"
"NA10851","M","CEU","T","C","G","G","A","T","T","T","G","C","A","C","A","C","T","T","C","G","T","A","A","C","C","C","T","G","G","G","T","A","T","A","C","C"
"NA11829","M","CEU","T","C","G","G","A","T","T","T","G","C","A","C","A","C","T","C","C","G","T","A","A","C","C","C","T","G","G","G","T","A","T","A","C","C"
"NA11830","F","CEU","T/T","C/C","G/G","G/G","A/A","T/T","T/T","T/T","G/G","C/C","A/A","C/C","A/A","C/C","T/T","C/C","C/C","G/G","T/T","A/A","A/A","C/C","C/C","C/C","T/T","G/G","G/G","G/G","T/T","A/A","T/T","A/A","C/C","C/C"
"NA11831","M","CEU","T","C","G","G","A","T","T","T","G","C","A","C","A","C","T","C","C","G","T","A","A","C","C","C","T","G","G","G","T","A","T","A","C","C"
"NA11832","F","CEU","T/T","C/C","G/G","G/G","A/A","T/T","T/T","T/T","G/G","C/C","A/A","C/C","A/A","C/C","T/T","C/T","C/C","G/G","T/T","A/A","A/A","C/C","C/C","C/C","T/T","G/G","G/G","G/G","T/T","A/A","T/T","A/A","C/C","C/C"
"NA11840","F","CEU","T/T","C/C","G/G","G/G","A/A","T/T","T/T","T/T","G/G","C/C","A/A","C/C","A/A","C/C","T/T","C/C","C/C","G/G","T/T","A/A","A/A","C/C","C/C","C/C","T/T","G/G","G/G","G/G","T/T","A/A","T/T","A/A","C/C","C/C"
"NA11843","M","CEU","T","C","G","G","A","T","T","T","G","C","A","C","A","C","T","C","C","G","T","A","A","C","C","C","T","G","G","G","T","A","T","A","C","C"
"NA11881","M","CEU","T","C","G","G","A","T","T","T","G","C","A","C","A","C","T","C","C","G","T","A","A","C","C","C","T","G","G","G","T","A","T","A","C","C"
"NA11892","F","CEU","T/T","C/C","G/G","G/G","A/A","T/T","T/T","T/T","G/G","C/C","A/A","C/C","A/A","C/C","T/T","C/C","C/C","G/G","T/T","A/A","A/A","C/C","C/C","C/C","T/T","G/G","G/G","G/G","T/T","A/A","T/T","A/A","C/C","C/C"
"NA11893","M","CEU","T","C","G","G","A","T","T","T","G","C","A","C","A","C","T","C","C","G","T","A","A","C","C","C","T","G","G","G","T","A","T","A","C","C"
"NA11894","F","CEU","T/T","C/C","G/G","G/G","A/A","T/T","T/T","T/T","G/G","C/C","A/A","C/C","A/A","C/C","T/T","C/C","C/C","G/G","T/T","A/A","A/A","C/C","C/C","C/C","T/T","G/G","G/G","G/G","T/T","A/A","T/T","A/A","C/C","C/C"
"NA11918","F","CEU","T/T","C/C","G/G","G/G","A/A","T/T","T/T","T/T","G/G","C/C","A/A","C/C","A/A","C/C","T/T","T/T","C/C","G/G","T/T","A/A","A/A","C/C","C/C","C/C","T/T","G/G","G/G","G/G","T/T","A/A","T/T","A/A","C/C","C/C"
"NA11919","M","CEU","T","C","G","G","A","T","T","T","G","C","A","C","A","C","T","C","C","G","T","A","A","C","C","C","T","G","G","G","T","A","T","A","C","C"
"NA11920","F","CEU","T/T","C/C","G/G","G/G","A/A","T/T","T/T","T/T","G/G","C/C","A/A","C/C","A/A","C/C","T/T","C/C","C/C","G/G","T/T","A/A","A/A","C/C","C/C","C/C","T/T","G/G","G/G","G/G","T/T","A/A","T/T","A/A","C/C","C/C"
"NA11930","M","CEU","T","C","G","G","A","T","T","T","G","C","A","C","A","C","T","C","C","G","T","A","A","C","C","C","T","G","G","G","T","A","T","A","C","C"
"NA11931","F","CEU","T/T","C/C","G/G","G/G","A/A","T/T","T/T","T/T","G/G","C/C","A/A","C/C","A/A","C/C","T/T","T/T","C/C","G/G","T/T","A/A","A/A","C/C","C/C","C/C","T/T","G/G","G/G","G/G","T/T","A/A","T/T","A/A","C/C","C/C"
"NA11932","M","CEU","T","C","G","G","A","T","T","T","G","C","A","C","A","C","T","C","C","G","T","A","A","C","C","C","T","G","G","G","T","A","T","A","C","C"
"NA11933","F","CEU","T/T","C/C","G/G","G/G","A/A","T/T","T/T","T/T","G/G","C/C","A/A","C/C","A/A","C/C","T/T","C/C","C/C","G/G","T/T","A/A","A/A","C/C","C/C","C/C","T/T","G/G","G/G","G/G","T/T","A/A","T/T","A/A","C/C","C/C"
"NA11992","M","CEU","T","C","G","G","A","T","T","T","G","C","A","C","A","C","T","C","C","G","T","A","A","C","C","C","T","G","G","G","T","A","T","A","C","C"
"NA11994","M","CEU","T","C","G","G","A","T","T","T","G","C","A","C","A","C","T","C","C","G","T","A","A","C","C","C","T","G","G","G","T","A","T","A","C","C"
"NA11995","F","CEU","T/T","C/C","G/G","G/G","A/A","T/T","T/T","T/T","G/G","C/C","A/A","C/C","A/A","C/C","T/T","T/C","C/C","G/G","T/T","A/A","A/A","C/C","C/C","C/C","T/T","G/G","G/G","G/G","T/T","A/A","T/T","A/A","C/C","C/C"
"NA12003","M","CEU","T","C","G","G","A","T","T","T","G","C","A","C","A","C","T","C","C","G","T","A","A","C","C","C","T","G","G","G","T","A","T","A","C","C"
"NA12004","F","CEU","T/T","C/C","G/G","G/G","A/A","T/T","T/T","T/T","G/G","C/C","A/A","C/C","A/A","C/C","T/T","C/C","T/C","G/G","T/C","A/A","A/A","C/C","C/C","C/C","T/T","G/G","G/G","G/G","T/T","A/A","T/T","A/A","C/C","C/C"
"NA12005","M","CEU","T","C","G","G","A","T","T","T","G","C","A","C","A","C","T","C","C","G","T","A","A","C","C","C","T","G","G","G","T","A","T","A","C","C"
"NA12006","F","CEU","T/T","C/C","G/G","G/G","A/A","T/T","T/T","T/T","G/G","C/C","A/A","C/C","A/A","C/C","T/T","C/C","T/C","G/G","T/T","A/A","A/A","C/C","C/C","C/C","T/T","G/G","G/G","G/G","T/T","A/A","T/T","A/A","C/C","C/C"
"NA12043","M","CEU","T","C","G","G","A","T","T","T","G","C","A","C","A","C","T","T","C","G","T","A","A","C","C","C","T","G","G","G","T","A","T","A","C","C"
"NA12044","F","CEU","T/T","C/C","G/G","G/G","A/A","T/T","T/T","T/T","G/G","C/C","A/A","C/C","A/A","C/C","T/T","C/T","C/C","G/G","T/T","A/A","A/A","C/C","C/C","C/C","T/T","G/G","G/G","G/G","T/T","A/A","T/T","A/A","C/C","C/C"
"NA12045","M","CEU","T","C","G","G","A","T","T","T","G","C","A","C","A","C","T","C","C","G","T","A","A","C","C","C","T","G","G","G","T","A","T","A","C","C"
"NA12046","F","CEU","T/T","C/C","G/G","G/G","A/A","T/T","T/T","T/T","G/G","C/C","A/A","C/C","A/A","C/C","T/T","T/C","C/C","G/G","T/T","A/A","A/A","C/C","C/C","C/C","T/T","G/G","G/G","G/G","T/T","A/A","T/T","A/A","C/C","C/C"
"NA12058","F","CEU","T/T","C/C","G/G","G/G","A/A","T/T","T/T","T/T","G/G","C/C","A/A","C/C","A/A","C/C","T/T","C/T","C/C","G/G","C/T","A/A","A/A","C/C","C/C","C/C","T/T","G/G","G/G","G/G","T/T","A/A","T/T","A/A","C/C","C/C"
"NA12144","M","CEU","T","C","G","G","A","T","T","T","G","C","A","C","A","C","T","T","C","G","T","A","A","C","C","C","T","G","G","G","T","A","T","A","C","C"
"NA12154","M","CEU","T","C","G","G","A","T","T","T","G","C","A","C","A","C","T","C","C","G","T","A","A","C","C","C","T","G","G","G","T","A","T","A","C","C"
"NA12155","M","CEU","T","C","G","G","A","T","T","T","G","C","A","C","A","C","T","C","C","G","T","A","A","C","C","C","T","G","G","G","T","A","T","A","C","C"
"NA12156","F","CEU","T/T","C/C","G/G","G/G","A/A","T/T","T/T","T/T","G/G","C/C","A/A","C/C","A/A","C/C","T/T","C/T","T/C","G/G","T/T","A/A","A/A","C/C","C/C","C/C","T/T","G/G","G/G","G/G","T/T","A/A","T/T","A/A","C/C","C/C"
"NA12234","F","CEU","T/T","C/C","G/G","G/G","A/A","T/T","T/T","T/T","G/G","C/C","A/A","C/C","A/A","C/C","T/T","C/T","C/C","G/G","T/T","A/A","A/A","C/C","C/C","C/C","T/T","G/G","G/G","G/G","T/T","A/A","T/T","A/A","C/C","C/C"
"NA12249","F","CEU","T/T","C/C","G/G","G/G","A/A","T/T","T/T","T/T","G/G","C/C","A/A","C/C","A/A","C/C","T/T","C/T","C/C","G/G","T/T","A/A","A/A","C/C","C/C","C/C","T/T","G/G","G/G","G/G","T/T","A/A","T/T","A/A","C/C","C/C"
"NA12272","M","CEU","T","C","G","G","A","T","T","T","G","C","A","C","A","C","T","T","C","G","T","A","A","C","C","C","T","G","G","G","T","A","T","A","C","C"
"NA12273","F","CEU","T/T","C/C","G/G","G/G","A/A","T/T","T/T","T/T","G/G","C/C","A/A","C/C","A/A","C/C","T/T","C/C","C/C","G/G","T/T","A/A","A/A","C/C","C/C","C/C","T/T","G/G","G/G","G/G","T/T","A/A","T/T","A/A","C/C","C/C"
"NA12275","F","CEU","T/T","C/C","G/G","G/G","A/A","T/T","T/T","T/T","G/G","C/C","A/A","C/C","A/A","C/C","T/T","T/C","C/C","G/G","T/T","A/A","A/A","C/C","C/C","C/C","T/T","G/G","G/G","G/G","T/T","A/A","T/T","A/A","C/C","C/C"
"NA12282","M","CEU","T","C","G","G","A","T","T","T","G","C","A","C","A","C","T","T","C","G","T","A","A","C","C","C","T","G","G","G","T","A","T","A","C","C"
"NA12283","F","CEU","T/T","C/C","G/G","G/G","A/A","T/T","T/T","T/T","G/G","C/C","A/A","C/C","A/A","C/C","T/T","C/T","C/C","G/G","T/T","A/A","A/A","C/C","C/C","C/C","T/T","G/G","G/G","G/G","T/T","A/A","T/T","A/A","C/C","C/C"
"NA12286","M","CEU","T","C","G","G","A","T","T","T","G","C","A","C","A","C","T","T","C","G","T","A","A","C","C","C","T","G","G","G","T","A","T","A","C","C"
"NA12287","F","CEU","T/T","C/C","G/G","G/G","A/A","T/T","T/T","T/T","G/G","C/C","A/A","C/C","A/A","C/C","T/T","C/T","C/C","G/G","T/T","A/A","A/A","C/C","C/C","C/C","T/T","G/G","G/G","G/G","T/T","A/A","T/T","A/A","C/C","C/C"
"NA12340","M","CEU","T","C","G","G","A","T","T","T","G","C","A","C","A","C","T","C","C","G","T","A","A","C","C","C","T","G","G","G","T","A","T","A","C","C"
"NA12341","F","CEU","T/T","C/C","G/G","G/G","A/A","T/T","T/T","T/T","G/G","C/C","A/A","C/C","A/A","C/C","T/T","C/C","C/C","G/G","T/T","A/A","A/A","C/C","C/C","C/C","T/T","G/G","G/G","G/G","T/T","A/A","T/T","A/A","C/C","C/C"
"NA12342","M","CEU","T","C","G","G","A","T","T","T","G","C","A","C","A","C","T","C","C","G","T","A","A","C","C","C","T","G","G","G","T","A","T","A","C","C"
"NA12347","M","CEU","T","C","G","G","A","T","T","T","G","C","A","C","A","C","T","T","C","G","T","A","A","C","C","C","T","G","G","G","T","A","T","A","C","C"
"NA12348","F","CEU","T/T","C/C","G/G","G/G","A/A","T/T","T/T","T/T","G/G","C/C","A/A","C/C","A/A","C/C","T/T","T/T","C/C","G/G","T/T","A/A","A/A","C/C","C/C","C/C","T/T","G/G","G/G","G/G","T/T","A/A","T/T","A/A","C/C","C/C"
"NA12383","F","CEU","T/T","C/C","G/G","G/G","A/A","T/T","T/T","T/T","G/G","C/C","A/A","C/C","A/A","C/C","T/T","C/C","T/C","G/G","T/T","A/A","A/A","C/C","C/C","C/C","T/T","G/G","G/G","G/G","T/T","A/A","T/T","A/A","C/C","C/C"
"NA12399","M","CEU","T","C","G","G","A","T","T","T","G","C","A","C","A","C","T","C","C","G","T","A","A","C","C","C","T","G","G","G","T","A","T","A","C","C"
"NA12400","F","CEU","T/T","C/C","G/G","G/G","A/A","T/T","T/T","T/T","G/G","C/C","A/A","C/C","A/A","C/C","T/T","T/C","C/C","G/G","T/T","A/A","A/A","C/C","C/C","C/C","T/T","G/G","G/G","G/G","T/T","A/A","T/T","A/A","C/C","C/C"
"NA12413","M","CEU","T","C","G","G","A","T","T","T","G","C","A","C","A","C","T","C","C","G","T","A","A","C","C","C","T","G","G","G","T","A","T","A","C","C"
"NA12414","F","CEU","T/T","C/C","G/G","G/G","A/A","T/T","T/T","T/T","G/G","C/C","A/A","C/C","A/A","C/C","T/T","C/C","C/C","G/G","T/T","A/A","A/A","C/C","C/C","C/C","T/T","G/G","G/G","G/G","T/T","A/A","T/T","A/A","C/C","C/C"
"NA12489","F","CEU","T/T","C/C","G/G","G/G","A/A","T/T","T/T","T/T","G/G","C/C","A/A","C/C","A/A","C/C","T/T","C/T","C/C","G/G","T/T","A/A","A/A","C/C","C/C","C/C","T/T","G/G","G/G","G/G","T/T","A/A","T/T","A/A","C/C","C/C"
"NA12546","M","CEU","T","C","G","G","A","T","T","T","G","C","A","C","A","C","T","C","C","G","T","A","A","C","C","C","T","G","G","G","T","A","T","A","C","C"
"NA12716","M","CEU","T","C","G","G","A","T","T","T","G","C","A","C","A","C","T","C","C","G","T","A","A","C","C","C","T","G","G","G","T","A","T","A","C","C"
"NA12717","F","CEU","T/T","C/C","G/G","G/G","A/A","T/T","T/T","T/T","G/G","C/C","A/A","C/C","A/A","C/C","T/T","C/C","C/T","G/G","T/T","A/A","A/A","C/C","C/C","C/C","T/T","G/G","G/G","G/G","T/T","A/A","T/T","A/A","C/C","C/C"
"NA12718","F","CEU","T/T","C/C","G/G","G/G","A/A","T/T","T/T","T/T","G/G","C/C","A/A","C/C","A/A","C/C","T/T","C/C","C/C","G/G","T/T","A/A","A/A","C/C","C/C","C/C","T/T","G/G","G/G","G/G","T/T","A/A","T/T","A/A","C/C","C/C"
"NA12748","M","CEU","T","C","G","G","A","T","T","T","G","C","A","C","A","C","T","T","C","G","T","A","A","C","C","C","T","G","G","G","T","A","T","A","C","C"
"NA12749","F","CEU","T/T","C/C","G/G","G/G","A/A","T/T","T/T","T/T","G/G","C/C","A/A","C/C","A/A","C/C","T/T","C/C","C/C","G/G","T/T","A/A","A/A","C/C","C/C","C/C","T/T","G/G","G/G","G/G","T/T","A/A","T/T","A/A","C/C","C/C"
"NA12750","M","CEU","T","C","G","G","A","T","T","T","G","C","A","C","A","C","T","C","C","G","T","A","A","C","C","C","T","G","G","G","T","A","T","A","C","C"
"NA12751","F","CEU","T/T","C/C","G/G","G/G","A/A","T/T","T/T","T/T","G/G","C/C","A/A","C/C","A/A","C/C","T/T","C/T","C/C","G/G","C/T","A/A","A/A","C/C","C/C","C/C","T/T","G/G","G/G","G/G","T/T","A/A","T/T","A/A","C/C","C/C"
"NA12760","M","CEU","T","C","G","G","A","T","T","T","G","C","A","C","A","C","T","C","C","G","T","A","A","C","C","C","T","G","G","G","T","A","T","A","C","C"
"NA12761","F","CEU","T/T","C/C","G/G","G/G","A/A","T/T","T/T","T/T","G/G","C/C","A/A","C/C","A/A","C/C","T/T","C/C","C/C","G/G","T/T","A/A","A/A","C/C","C/C","C/C","T/T","G/G","G/G","G/G","T/T","A/A","T/T","A/A","C/C","C/C"
"NA12762","M","CEU","T","C","G","G","A","T","T","T","G","C","A","C","A","C","T","C","C","G","T","A","A","C","C","C","T","G","G","G","T","A","T","A","C","C"
"NA12763","F","CEU","T/T","C/C","G/G","G/G","A/A","T/T","T/T","T/T","G/G","C/C","A/A","C/C","A/A","C/C","T/T","C/T","C/C","G/G","T/T","A/A","A/A","C/C","C/C","C/C","T/T","G/G","G/G","G/G","T/T","A/A","T/T","A/A","C/C","C/C"
"NA12775","M","CEU","T","C","G","G","A","T","T","T","G","C","A","C","A","C","T","T","C","G","T","A","A","C","C","C","T","G","G","G","T","A","T","A","C","C"
"NA12776","F","CEU","T/T","C/C","G/G","G/G","A/A","T/T","T/T","T/T","G/G","C/C","A/A","C/C","A/A","C/C","T/T","T/C","C/C","G/G","T/T","A/A","A/A","C/C","C/C","C/C","T/T","G/G","G/G","G/G","T/T","A/A","T/T","A/A","C/C","C/C"
"NA12777","M","CEU","T","C","G","G","A","T","T","T","G","C","A","C","A","C","T","C","C","G","T","A","A","C","C","C","T","G","G","G","T","A","T","A","C","C"
"NA12778","F","CEU","T/T","C/C","G/G","G/G","A/A","T/T","T/T","T/T","G/G","C/C","A/A","C/C","A/A","C/C","T/T","C/C","C/C","G/G","T/T","A/A","A/A","C/C","C/C","C/C","T/T","G/G","G/G","G/G","T/T","A/A","T/T","A/A","C/C","C/C"
"NA12812","M","CEU","T","C","G","G","A","T","T","T","G","C","A","C","A","C","T","C","C","G","T","A","A","C","C","C","T","G","G","G","T","A","T","A","C","C"
"NA12813","F","CEU","T/T","C/C","G/G","G/G","A/A","T/T","T/T","T/T","G/G","C/C","A/A","C/C","A/A","C/C","T/T","C/C","C/C","G/G","T/T","A/A","A/A","C/C","C/C","C/C","T/T","G/G","G/G","G/G","T/T","A/A","T/T","A/A","C/C","C/C"
"NA12814","M","CEU","T","C","G","G","A","T","T","T","G","C","A","C","A","C","T","C","C","G","T","A","A","C","C","C","T","G","G","G","T","A","T","A","C","C"
"NA12815","F","CEU","T/T","C/C","G/G","G/G","A/A","T/T","T/T","T/T","G/G","C/C","A/A","C/C","A/A","C/C","T/T","C/C","C/C","G/G","T/T","A/A","A/A","C/C","C/C","C/C","T/T","G/G","G/G","G/G","T/T","A/A","T/T","A/A","C/C","C/C"
"NA12827","M","CEU","T","C","G","G","A","T","T","T","G","C","A","C","A","C","T","C","T","G","T","A","A","C","C","C","T","G","G","G","T","A","T","A","C","C"
"NA12828","F","CEU","T/T","C/C","G/G","G/G","A/A","T/T","T/T","T/T","G/G","C/C","A/A","C/C","A/A","C/C","T/T","C/C","C/C","G/G","T/T","A/A","A/A","C/C","C/C","C/C","T/T","G/G","G/G","G/G","T/T","A/A","T/T","A/A","C/C","C/C"
"NA12829","M","CEU","T","C","G","G","A","T","T","T","G","C","A","C","A","C","T","C","C","G","T","A","A","C","C","C","T","G","G","G","T","A","T","A","C","C"
"NA12830","F","CEU","T/T","C/C","G/G","G/G","A/A","T/T","T/T","T/T","G/G","C/C","A/A","C/C","A/A","C/C","T/T","C/C","C/C","G/G","T/T","A/A","A/A","C/C","C/C","C/C","T/T","G/G","G/G","G/G","T/T","A/A","T/T","A/A","C/C","C/C"
"NA12842","M","CEU","T","C","G","G","A","T","T","T","G","C","A","C","A","C","T","T","C","G","T","A","A","C","C","C","T","G","G","G","T","A","T","A","C","C"
"NA12843","F","CEU","T/T","C/C","G/G","G/G","A/A","T/T","T/T","T/T","G/G","C/C","A/A","C/C","A/A","C/C","T/T","C/C","C/C","G/G","T/T","A/A","A/A","C/C","C/C","C/C","T/T","G/G","G/G","G/G","T/T","A/A","T/T","A/A","C/C","C/C"
"NA12872","M","CEU","T","C","G","G","A","T","T","T","G","C","A","C","A","C","T","C","C","G","T","A","A","C","C","C","T","G","G","G","T","A","T","A","C","C"
"NA12873","F","CEU","T/T","C/C","G/G","G/G","A/A","T/T","T/T","T/T","G/G","C/C","A/A","C/C","A/A","C/C","T/T","C/T","C/C","G/G","T/T","A/A","A/A","C/C","C/C","C/C","T/T","G/G","G/G","G/G","T/T","A/A","T/T","A/A","C/C","C/C"
"NA12874","M","CEU","T","C","G","G","A","T","T","T","G","C","A","C","A","C","T","C","C","G","T","A","A","C","C","C","T","G","G","G","T","A","T","A","C","C"
"NA12878","F","CEU","T/T","C/C","G/G","G/G","A/A","T/T","T/T","T/T","G/G","C/C","A/A","C/C","A/A","C/C","T/T","C/C","C/C","G/G","T/T","A/A","A/A","C/C","C/C","C/C","T/T","G/G","G/G","G/G","T/T","A/A","T/T","A/A","C/C","C/C"
"NA12889","M","CEU","T","C","G","G","A","T","T","T","G","C","A","C","A","C","T","T","C","G","T","A","A","C","C","C","T","G","G","G","T","A","T","A","C","C"
"NA12890","F","CEU","T/T","C/C","G/G","G/G","A/A","T/T","T/T","T/T","G/G","C/C","A/A","C/C","A/A","C/C","T/T","C/C","C/C","G/G","T/T","A/A","A/A","C/C","C/C","C/C","T/T","G/G","G/G","G/G","T/T","A/A","T/T","A/A","C/C","C/C"
