"Sample (Male/Female/Unknown)","Genotype (forward strand)","Population(s)","Father","Mother"
"HG01879 (M)","A","ACB, AFR, ALL","-","-"
"HG01880 (F)","A|A","ACB, AFR, ALL","-","-"
"HG01882 (M)","A","ACB, AFR, ALL","-","-"
"HG01883 (F)","A|A","ACB, AFR, ALL","-","-"
"HG01885 (M)","A","ACB, AFR, ALL","-","-"
"HG01886 (F)","A|A","ACB, AFR, ALL","-","-"
"HG01889 (F)","A|A","ACB, AFR, ALL","-","-"
"HG01890 (M)","A","ACB, AFR, ALL","-","-"
"HG01894 (F)","A|A","ACB, AFR, ALL","-","-"
"HG01896 (F)","A|A","ACB, AFR, ALL","-","-"
"HG01912 (M)","A","ACB, AFR, ALL","-","-"
"HG01914 (M)","A","ACB, AFR, ALL","-","-"
"HG01915 (F)","A|A","ACB, AFR, ALL","-","-"
"HG01956 (F)","A|A","ACB, AFR, ALL","-","-"
"HG01958 (F)","A|A","ACB, AFR, ALL","-","-"
"HG01985 (F)","A|A","ACB, AFR, ALL","-","-"
"HG01986 (M)","A","ACB, AFR, ALL","-","-"
"HG01988 (M)","A","ACB, AFR, ALL","-","-"
"HG01989 (F)","A|A","ACB, AFR, ALL","-","-"
"HG01990 (M)","A","ACB, AFR, ALL","-","-"
"HG02009 (M)","A","ACB, AFR, ALL","-","-"
"HG02010 (F)","A|A","ACB, AFR, ALL","-","-"
"HG02012 (F)","A|A","ACB, AFR, ALL","-","-"
"HG02013 (M)","A","ACB, AFR, ALL","-","-"
"HG02014 (M)","A","ACB, AFR, ALL","-","-"
"HG02051 (M)","A","ACB, AFR, ALL","-","-"
"HG02052 (F)","A|A","ACB, AFR, ALL","-","-"
"HG02053 (M)","A","ACB, AFR, ALL","-","-"
"HG02054 (F)","A|A","ACB, AFR, ALL","-","-"
"HG02095 (F)","A|A","ACB, AFR, ALL","-","-"
"HG02107 (M)","A","ACB, AFR, ALL","-","-"
"HG02108 (F)","A|A","ACB, AFR, ALL","-","-"
"HG02111 (F)","A|A","ACB, AFR, ALL","-","-"
"HG02143 (M)","A","ACB, AFR, ALL","-","-"
"HG02144 (F)","A|A","ACB, AFR, ALL","-","-"
"HG02255 (M)","A","ACB, AFR, ALL","-","-"
"HG02256 (F)","A|A","ACB, AFR, ALL","-","-"
"HG02281 (M)","A","ACB, AFR, ALL","-","-"
"HG02282 (F)","A|A","ACB, AFR, ALL","-","-"
"HG02283 (M)","A","ACB, AFR, ALL","-","-"
"HG02284 (M)","A","ACB, AFR, ALL","-","-"
"HG02307 (M)","A","ACB, AFR, ALL","-","-"
"HG02308 (F)","A|A","ACB, AFR, ALL","-","-"
"HG02309 (F)","A|A","ACB, AFR, ALL","-","-"
"HG02314 (M)","A","ACB, AFR, ALL","-","-"
"HG02315 (F)","A|A","ACB, AFR, ALL","-","-"
"HG02317 (M)","A","ACB, AFR, ALL","-","-"
"HG02318 (F)","A|A","ACB, AFR, ALL","-","-"
"HG02322 (F)","A|A","ACB, AFR, ALL","-","-"
"HG02323 (M)","A","ACB, AFR, ALL","-","-"
"HG02325 (F)","A|A","ACB, AFR, ALL","-","-"
"HG02330 (M)","A","ACB, AFR, ALL","-","-"
"HG02332 (M)","A","ACB, AFR, ALL","-","-"
"HG02334 (M)","A","ACB, AFR, ALL","-","-"
"HG02337 (F)","A|A","ACB, AFR, ALL","-","-"
"HG02339 (F)","A|A","ACB, AFR, ALL","-","-"
"HG02343 (M)","A","ACB, AFR, ALL","-","-"
"HG02419 (F)","A|A","ACB, AFR, ALL","-","-"
"HG02420 (M)","A","ACB, AFR, ALL","-","-"
"HG02427 (F)","A|A","ACB, AFR, ALL","-","-"
"HG02429 (M)","A","ACB, AFR, ALL","-","-"
"HG02433 (M)","A","ACB, AFR, ALL","-","-"
"HG02439 (M)","A","ACB, AFR, ALL","-","-"
"HG02442 (M)","A","ACB, AFR, ALL","-","-"
"HG02445 (M)","A","ACB, AFR, ALL","-","-"
"HG02449 (M)","A","ACB, AFR, ALL","-","-"
"HG02450 (F)","A|A","ACB, AFR, ALL","-","-"
"HG02455 (M)","A","ACB, AFR, ALL","-","-"
"HG02461 (M)","A","AFR, ALL, GWD","-","-"
"HG02462 (F)","A|A","AFR, ALL, GWD","-","-"
"HG02464 (M)","A","AFR, ALL, GWD","-","-"
"HG02465 (F)","A|A","AFR, ALL, GWD","-","-"
"HG02470 (M)","A","ACB, AFR, ALL","-","-"
"HG02471 (F)","A|A","ACB, AFR, ALL","-","-"
"HG02476 (F)","A|A","ACB, AFR, ALL","-","-"
"HG02477 (F)","A|A","ACB, AFR, ALL","-","-"
"HG02479 (F)","A|A","ACB, AFR, ALL","-","-"
"HG02481 (M)","A","ACB, AFR, ALL","-","-"
"HG02484 (M)","A","ACB, AFR, ALL","-","-"
"HG02485 (F)","A|A","ACB, AFR, ALL","-","-"
"HG02489 (M)","A","ACB, AFR, ALL","-","-"
"HG02496 (M)","A","ACB, AFR, ALL","-","-"
"HG02497 (F)","A|A","ACB, AFR, ALL","-","-"
"HG02501 (M)","A","ACB, AFR, ALL","-","-"
"HG02502 (F)","A|A","ACB, AFR, ALL","-","-"
"HG02505 (F)","A|A","ACB, AFR, ALL","-","-"
"HG02508 (F)","A|A","ACB, AFR, ALL","-","-"
"HG02511 (F)","A|A","ACB, AFR, ALL","-","-"
"HG02536 (M)","A","ACB, AFR, ALL","-","-"
"HG02537 (F)","A|A","ACB, AFR, ALL","-","-"
"HG02541 (M)","A","ACB, AFR, ALL","-","-"
"HG02545 (M)","A","ACB, AFR, ALL","-","-"
"HG02546 (F)","A|A","ACB, AFR, ALL","-","-"
"HG02549 (F)","A|A","ACB, AFR, ALL","-","-"
"HG02554 (M)","A","ACB, AFR, ALL","-","-"
"HG02555 (F)","A|A","ACB, AFR, ALL","-","-"
"HG02557 (M)","A","ACB, AFR, ALL","-","-"
"HG02558 (F)","A|A","ACB, AFR, ALL","-","-"
"HG02561 (M)","A","AFR, ALL, GWD","-","-"
"HG02562 (F)","A|A","AFR, ALL, GWD","-","-"
"HG02568 (F)","A|A","AFR, ALL, GWD","-","-"
"HG02570 (M)","A","AFR, ALL, GWD","-","-"
"HG02571 (F)","A|A","AFR, ALL, GWD","-","-"
"HG02573 (M)","A","AFR, ALL, GWD","-","-"
"HG02574 (F)","A|A","AFR, ALL, GWD","-","-"
"HG02577 (F)","A|A","ACB, AFR, ALL","-","-"
"HG02580 (F)","A|A","ACB, AFR, ALL","-","-"
"HG02582 (M)","A","AFR, ALL, GWD","-","-"
"HG02583 (F)","A|A","AFR, ALL, GWD","-","-"
"HG02585 (M)","A","AFR, ALL, GWD","-","-"
"HG02586 (F)","A|A","AFR, ALL, GWD","-","-"
"HG02588 (M)","A","AFR, ALL, GWD","-","-"
"HG02589 (F)","A|A","AFR, ALL, GWD","-","-"
"HG02594 (M)","A","AFR, ALL, GWD","-","-"
"HG02595 (F)","A|A","AFR, ALL, GWD","-","-"
"HG02610 (M)","A","AFR, ALL, GWD","-","-"
"HG02611 (F)","A|A","AFR, ALL, GWD","-","-"
"HG02613 (M)","A","AFR, ALL, GWD","-","-"
"HG02614 (F)","A|A","AFR, ALL, GWD","-","-"
"HG02620 (M)","A","AFR, ALL, GWD","-","-"
"HG02621 (F)","A|A","AFR, ALL, GWD","-","-"
"HG02623 (M)","A","AFR, ALL, GWD","-","-"
"HG02624 (F)","A|A","AFR, ALL, GWD","-","-"
"HG02628 (M)","A","AFR, ALL, GWD","-","-"
"HG02629 (F)","A|A","AFR, ALL, GWD","-","-"
"HG02634 (M)","A","AFR, ALL, GWD","-","-"
"HG02635 (F)","A|A","AFR, ALL, GWD","-","-"
"HG02642 (M)","A","AFR, ALL, GWD","-","-"
"HG02643 (F)","A|A","AFR, ALL, GWD","-","-"
"HG02645 (M)","A","AFR, ALL, GWD","-","-"
"HG02646 (F)","A|A","AFR, ALL, GWD","-","-"
"HG02666 (M)","A","AFR, ALL, GWD","-","-"
"HG02667 (F)","A|A","AFR, ALL, GWD","-","-"
"HG02675 (M)","A","AFR, ALL, GWD","-","-"
"HG02676 (F)","A|A","AFR, ALL, GWD","-","-"
"HG02678 (M)","A","AFR, ALL, GWD","-","-"
"HG02679 (F)","A|A","AFR, ALL, GWD","-","-"
"HG02702 (M)","A","AFR, ALL, GWD","-","-"
"HG02703 (F)","A|A","AFR, ALL, GWD","-","-"
"HG02715 (M)","A","AFR, ALL, GWD","-","-"
"HG02716 (F)","A|A","AFR, ALL, GWD","-","-"
"HG02721 (M)","A","AFR, ALL, GWD","-","-"
"HG02722 (F)","A|A","AFR, ALL, GWD","-","-"
"HG02756 (M)","A","AFR, ALL, GWD","-","-"
"HG02757 (F)","A|A","AFR, ALL, GWD","-","-"
"HG02759 (M)","A","AFR, ALL, GWD","-","-"
"HG02760 (F)","A|A","AFR, ALL, GWD","-","-"
"HG02763 (F)","A|A","AFR, ALL, GWD","-","-"
"HG02768 (M)","A","AFR, ALL, GWD","-","-"
"HG02769 (F)","A|A","AFR, ALL, GWD","-","-"
"HG02771 (M)","A","AFR, ALL, GWD","-","-"
"HG02772 (F)","A|A","AFR, ALL, GWD","-","-"
"HG02798 (M)","A","AFR, ALL, GWD","-","-"
"HG02799 (F)","A|A","AFR, ALL, GWD","-","-"
"HG02804 (M)","A","AFR, ALL, GWD","-","-"
"HG02805 (F)","A|A","AFR, ALL, GWD","-","-"
"HG02807 (M)","A","AFR, ALL, GWD","-","-"
"HG02808 (F)","A|A","AFR, ALL, GWD","-","-"
"HG02810 (M)","A","AFR, ALL, GWD","-","-"
"HG02811 (F)","A|A","AFR, ALL, GWD","-","-"
"HG02813 (M)","A","AFR, ALL, GWD","-","-"
"HG02814 (F)","A|A","AFR, ALL, GWD","-","-"
"HG02816 (M)","A","AFR, ALL, GWD","-","-"
"HG02817 (F)","A|A","AFR, ALL, GWD","-","-"
"HG02819 (M)","A","AFR, ALL, GWD","-","-"
"HG02820 (F)","A|A","AFR, ALL, GWD","-","-"
"HG02836 (M)","A","AFR, ALL, GWD","-","-"
"HG02837 (F)","A|A","AFR, ALL, GWD","-","-"
"HG02839 (M)","A","AFR, ALL, GWD","-","-"
"HG02840 (F)","A|A","AFR, ALL, GWD","-","-"
"HG02851 (M)","A","AFR, ALL, GWD","-","-"
"HG02852 (F)","A|A","AFR, ALL, GWD","-","-"
"HG02854 (M)","A","AFR, ALL, GWD","-","-"
"HG02855 (F)","A|A","AFR, ALL, GWD","-","-"
"HG02860 (M)","A","AFR, ALL, GWD","-","-"
"HG02861 (F)","A|A","AFR, ALL, GWD","-","-"
"HG02870 (F)","A|A","AFR, ALL, GWD","-","-"
"HG02878 (M)","A","AFR, ALL, GWD","-","-"
"HG02879 (F)","A|A","AFR, ALL, GWD","-","-"
"HG02881 (M)","A","AFR, ALL, GWD","-","-"
"HG02882 (F)","A|A","AFR, ALL, GWD","-","-"
"HG02884 (M)","A","AFR, ALL, GWD","-","-"
"HG02885 (F)","A|A","AFR, ALL, GWD","-","-"
"HG02887 (M)","A","AFR, ALL, GWD","-","-"
"HG02888 (F)","A|A","AFR, ALL, GWD","-","-"
"HG02890 (M)","A","AFR, ALL, GWD","-","-"
"HG02891 (F)","A|A","AFR, ALL, GWD","-","-"
"HG02895 (M)","A","AFR, ALL, GWD","-","-"
"HG02896 (F)","A|A","AFR, ALL, GWD","-","-"
"HG02922 (F)","A|A","AFR, ALL, ESN","-","-"
"HG02923 (M)","A","AFR, ALL, ESN","-","-"
"HG02938 (M)","A","AFR, ALL, ESN","-","-"
"HG02941 (M)","A","AFR, ALL, ESN","-","-"
"HG02943 (F)","A|A","AFR, ALL, ESN","-","-"
"HG02944 (M)","A","AFR, ALL, ESN","-","-"
"HG02946 (F)","A|A","AFR, ALL, ESN","-","-"
"HG02947 (M)","A","AFR, ALL, ESN","-","-"
"HG02952 (F)","A|A","AFR, ALL, ESN","-","-"
"HG02953 (M)","A","AFR, ALL, ESN","-","-"
"HG02968 (M)","A","AFR, ALL, ESN","-","-"
"HG02970 (F)","A|A","AFR, ALL, ESN","-","-"
"HG02971 (M)","A","AFR, ALL, ESN","-","-"
"HG02973 (M)","A","AFR, ALL, ESN","-","-"
"HG02974 (F)","A|A","AFR, ALL, ESN","-","-"
"HG02976 (F)","A|A","AFR, ALL, ESN","-","-"
"HG02977 (M)","A","AFR, ALL, ESN","-","-"
"HG02979 (F)","A|A","AFR, ALL, ESN","-","-"
"HG02981 (M)","A","AFR, ALL, ESN","-","-"
"HG02982 (M)","A","AFR, ALL, GWD","-","-"
"HG02983 (F)","A|A","AFR, ALL, GWD","-","-"
"HG03024 (M)","A","AFR, ALL, GWD","-","-"
"HG03025 (F)","A|A","AFR, ALL, GWD","-","-"
"HG03027 (M)","A","AFR, ALL, GWD","-","-"
"HG03028 (F)","A|A","AFR, ALL, GWD","-","-"
"HG03039 (M)","A","AFR, ALL, GWD","-","-"
"HG03040 (F)","A|A","AFR, ALL, GWD","-","-"
"HG03045 (M)","A","AFR, ALL, GWD","-","-"
"HG03046 (F)","A|A","AFR, ALL, GWD","-","-"
"HG03048 (M)","A","AFR, ALL, GWD","-","-"
"HG03049 (F)","A|A","AFR, ALL, GWD","-","-"
"HG03052 (F)","A|A","AFR, ALL, MSL","-","-"
"HG03054 (M)","A","AFR, ALL, MSL","-","-"
"HG03055 (F)","A|A","AFR, ALL, MSL","-","-"
"HG03057 (M)","A","AFR, ALL, MSL","-","-"
"HG03058 (F)","A|A","AFR, ALL, MSL","-","-"
"HG03060 (M)","A","AFR, ALL, MSL","-","-"
"HG03061 (F)","A|A","AFR, ALL, MSL","-","-"
"HG03063 (M)","A","AFR, ALL, MSL","-","-"
"HG03064 (F)","A|A","AFR, ALL, MSL","-","-"
"HG03066 (M)","A","AFR, ALL, MSL","-","-"
"HG03069 (M)","A","AFR, ALL, MSL","-","-"
"HG03072 (M)","A","AFR, ALL, MSL","-","-"
"HG03073 (F)","A|A","AFR, ALL, MSL","-","-"
"HG03074 (M)","A","AFR, ALL, MSL","-","-"
"HG03077 (M)","A","AFR, ALL, MSL","-","-"
"HG03078 (M)","A","AFR, ALL, MSL","-","-"
"HG03079 (F)","A|A","AFR, ALL, MSL","-","-"
"HG03081 (M)","A","AFR, ALL, MSL","-","-"
"HG03082 (F)","A|A","AFR, ALL, MSL","-","-"
"HG03084 (M)","A","AFR, ALL, MSL","-","-"
"HG03085 (F)","A|A","AFR, ALL, MSL","-","-"
"HG03086 (F)","A|A","AFR, ALL, MSL","-","-"
"HG03088 (F)","A|A","AFR, ALL, MSL","-","-"
"HG03091 (F)","A|A","AFR, ALL, MSL","-","-"
"HG03095 (F)","A|A","AFR, ALL, MSL","-","-"
"HG03096 (M)","A","AFR, ALL, MSL","-","-"
"HG03097 (F)","A|A","AFR, ALL, MSL","-","-"
"HG03099 (F)","A|A","AFR, ALL, ESN","-","-"
"HG03100 (M)","A","AFR, ALL, ESN","-","-"
"HG03103 (M)","A","AFR, ALL, ESN","-","-"
"HG03105 (F)","A|A","AFR, ALL, ESN","-","-"
"HG03108 (F)","A|A","AFR, ALL, ESN","-","-"
"HG03109 (M)","A","AFR, ALL, ESN","-","-"
"HG03111 (F)","A|A","AFR, ALL, ESN","-","-"
"HG03112 (M)","A","AFR, ALL, ESN","-","-"
"HG03114 (F)","A|A","AFR, ALL, ESN","-","-"
"HG03115 (M)","A","AFR, ALL, ESN","-","-"
"HG03117 (F)","A|A","AFR, ALL, ESN","-","-"
"HG03118 (M)","A","AFR, ALL, ESN","-","-"
"HG03120 (M)","A","AFR, ALL, ESN","-","-"
"HG03121 (F)","A|A","AFR, ALL, ESN","-","-"
"HG03123 (F)","A|A","AFR, ALL, ESN","-","-"
"HG03124 (M)","A","AFR, ALL, ESN","-","-"
"HG03126 (F)","A|A","AFR, ALL, ESN","-","-"
"HG03127 (M)","A","AFR, ALL, ESN","-","-"
"HG03129 (F)","A|A","AFR, ALL, ESN","-","-"
"HG03130 (M)","A","AFR, ALL, ESN","-","-"
"HG03132 (F)","A|A","AFR, ALL, ESN","-","-"
"HG03133 (M)","A","AFR, ALL, ESN","-","-"
"HG03135 (F)","A|A","AFR, ALL, ESN","-","-"
"HG03136 (M)","A","AFR, ALL, ESN","-","-"
"HG03139 (M)","A","AFR, ALL, ESN","-","-"
"HG03157 (M)","A","AFR, ALL, ESN","-","-"
"HG03159 (F)","A|A","AFR, ALL, ESN","-","-"
"HG03160 (M)","A","AFR, ALL, ESN","-","-"
"HG03162 (F)","A|A","AFR, ALL, ESN","-","-"
"HG03163 (M)","A","AFR, ALL, ESN","-","-"
"HG03166 (M)","A","AFR, ALL, ESN","-","-"
"HG03168 (F)","A|A","AFR, ALL, ESN","-","-"
"HG03169 (M)","A","AFR, ALL, ESN","-","-"
"HG03172 (M)","A","AFR, ALL, ESN","-","-"
"HG03175 (M)","A","AFR, ALL, ESN","-","-"
"HG03189 (F)","A|A","AFR, ALL, ESN","-","-"
"HG03190 (M)","A","AFR, ALL, ESN","-","-"
"HG03193 (M)","A","AFR, ALL, ESN","-","-"
"HG03195 (F)","A|A","AFR, ALL, ESN","-","-"
"HG03196 (M)","A","AFR, ALL, ESN","-","-"
"HG03198 (F)","A|A","AFR, ALL, ESN","-","-"
"HG03199 (M)","A","AFR, ALL, ESN","-","-"
"HG03202 (M)","A","AFR, ALL, ESN","-","-"
"HG03209 (M)","A","AFR, ALL, MSL","-","-"
"HG03212 (F)","A|A","AFR, ALL, MSL","-","-"
"HG03224 (M)","A","AFR, ALL, MSL","-","-"
"HG03225 (M)","A","AFR, ALL, MSL","-","-"
"HG03240 (M)","A","AFR, ALL, GWD","-","-"
"HG03241 (F)","A|A","AFR, ALL, GWD","-","-"
"HG03246 (M)","A","AFR, ALL, GWD","-","-"
"HG03247 (F)","A|A","AFR, ALL, GWD","-","-"
"HG03258 (M)","A","AFR, ALL, GWD","-","-"
"HG03259 (F)","A|A","AFR, ALL, GWD","-","-"
"HG03265 (M)","A","AFR, ALL, ESN","-","-"
"HG03267 (F)","A|A","AFR, ALL, ESN","-","-"
"HG03268 (M)","A","AFR, ALL, ESN","-","-"
"HG03270 (F)","A|A","AFR, ALL, ESN","-","-"
"HG03271 (M)","A","AFR, ALL, ESN","-","-"
"HG03279 (F)","A|A","AFR, ALL, ESN","-","-"
"HG03280 (M)","A","AFR, ALL, ESN","-","-"
"HG03291 (F)","A|A","AFR, ALL, ESN","-","-"
"HG03294 (F)","A|A","AFR, ALL, ESN","-","-"
"HG03295 (M)","A","AFR, ALL, ESN","-","-"
"HG03297 (F)","A|A","AFR, ALL, ESN","-","-"
"HG03298 (M)","A","AFR, ALL, ESN","-","-"
"HG03300 (F)","A|A","AFR, ALL, ESN","-","-"
"HG03301 (M)","A","AFR, ALL, ESN","-","-"
"HG03303 (F)","A|A","AFR, ALL, ESN","-","-"
"HG03304 (M)","A","AFR, ALL, ESN","-","-"
"HG03311 (M)","A","AFR, ALL, ESN","-","-"
"HG03313 (M)","A","AFR, ALL, ESN","-","-"
"HG03342 (F)","A|A","AFR, ALL, ESN","-","-"
"HG03343 (M)","A","AFR, ALL, ESN","-","-"
"HG03351 (F)","A|A","AFR, ALL, ESN","-","-"
"HG03352 (M)","A","AFR, ALL, ESN","-","-"
"HG03354 (F)","A|A","AFR, ALL, ESN","-","-"
"HG03363 (F)","A|A","AFR, ALL, ESN","-","-"
"HG03366 (F)","A|A","AFR, ALL, ESN","-","-"
"HG03367 (M)","A","AFR, ALL, ESN","-","-"
"HG03369 (F)","A|A","AFR, ALL, ESN","-","-"
"HG03370 (M)","A","AFR, ALL, ESN","-","-"
"HG03372 (F)","A|A","AFR, ALL, ESN","-","-"
"HG03376 (M)","A","AFR, ALL, MSL","-","-"
"HG03378 (F)","A|A","AFR, ALL, MSL","-","-"
"HG03380 (F)","A|A","AFR, ALL, MSL","-","-"
"HG03382 (M)","A","AFR, ALL, MSL","-","-"
"HG03385 (M)","A","AFR, ALL, MSL","-","-"
"HG03388 (M)","A","AFR, ALL, MSL","-","-"
"HG03391 (M)","A","AFR, ALL, MSL","-","-"
"HG03394 (M)","A","AFR, ALL, MSL","-","-"
"HG03397 (M)","A","AFR, ALL, MSL","-","-"
"HG03401 (F)","A|A","AFR, ALL, MSL","-","-"
"HG03410 (F)","A|A","AFR, ALL, MSL","-","-"
"HG03419 (F)","A|A","AFR, ALL, MSL","-","-"
"HG03428 (F)","A|A","AFR, ALL, MSL","-","-"
"HG03432 (M)","A","AFR, ALL, MSL","-","-"
"HG03433 (M)","A","AFR, ALL, MSL","-","-"
"HG03436 (M)","A","AFR, ALL, MSL","-","-"
"HG03437 (F)","A|A","AFR, ALL, MSL","-","-"
"HG03439 (M)","A","AFR, ALL, MSL","-","-"
"HG03442 (M)","A","AFR, ALL, MSL","-","-"
"HG03445 (M)","A","AFR, ALL, MSL","-","-"
"HG03446 (F)","A|A","AFR, ALL, MSL","-","-"
"HG03449 (F)","A|A","AFR, ALL, MSL","-","-"
"HG03451 (M)","A","AFR, ALL, MSL","-","-"
"HG03452 (F)","A|A","AFR, ALL, MSL","-","-"
"HG03455 (F)","A|A","AFR, ALL, MSL","-","-"
"HG03457 (M)","A","AFR, ALL, MSL","-","-"
"HG03458 (F)","A|A","AFR, ALL, MSL","-","-"
"HG03460 (M)","A","AFR, ALL, MSL","-","-"
"HG03461 (F)","A|A","AFR, ALL, MSL","-","-"
"HG03464 (F)","A|A","AFR, ALL, MSL","-","-"
"HG03469 (M)","A","AFR, ALL, MSL","-","-"
"HG03470 (F)","A|A","AFR, ALL, MSL","-","-"
"HG03472 (M)","A","AFR, ALL, MSL","-","-"
"HG03473 (F)","A|A","AFR, ALL, MSL","-","-"
"HG03476 (F)","A|A","AFR, ALL, MSL","-","-"
"HG03478 (M)","A","AFR, ALL, MSL","-","-"
"HG03479 (F)","A|A","AFR, ALL, MSL","-","-"
"HG03484 (M)","A","AFR, ALL, MSL","-","-"
"HG03485 (F)","A|A","AFR, ALL, MSL","-","-"
"HG03499 (F)","A|A","AFR, ALL, ESN","-","-"
"HG03511 (F)","A|A","AFR, ALL, ESN","-","-"
"HG03514 (F)","A|A","AFR, ALL, ESN","-","-"
"HG03515 (M)","A","AFR, ALL, ESN","-","-"
"HG03517 (F)","A|A","AFR, ALL, ESN","-","-"
"HG03518 (M)","A","AFR, ALL, ESN","-","-"
"HG03520 (F)","A|A","AFR, ALL, ESN","-","-"
"HG03521 (M)","A","AFR, ALL, ESN","-","-"
"HG03538 (M)","A","AFR, ALL, GWD","-","-"
"HG03539 (F)","A|A","AFR, ALL, GWD","-","-"
"HG03547 (M)","A","AFR, ALL, MSL","-","-"
"HG03548 (F)","A|A","AFR, ALL, MSL","-","-"
"HG03556 (M)","A","AFR, ALL, MSL","-","-"
"HG03557 (F)","A|A","AFR, ALL, MSL","-","-"
"HG03558 (F)","A|A","AFR, ALL, MSL","-","-"
"HG03559 (M)","A","AFR, ALL, MSL","-","-"
"HG03563 (F)","A|A","AFR, ALL, MSL","-","-"
"HG03565 (M)","A","AFR, ALL, MSL","-","-"
"HG03567 (F)","A|A","AFR, ALL, MSL","-","-"
"HG03571 (M)","A","AFR, ALL, MSL","-","-"
"HG03572 (F)","A|A","AFR, ALL, MSL","-","-"
"HG03575 (F)","A|A","AFR, ALL, MSL","-","-"
"HG03577 (M)","A","AFR, ALL, MSL","-","-"
"HG03578 (F)","A|A","AFR, ALL, MSL","-","-"
"HG03583 (F)","A|A","AFR, ALL, MSL","-","-"
"NA18486 (M)","A","AFR, ALL, YRI","-","-"
"NA18488 (F)","A|A","AFR, ALL, YRI","-","-"
"NA18489 (F)","A|A","AFR, ALL, YRI","-","-"
"NA18498 (M)","A","AFR, ALL, YRI","-","-"
"NA18499 (F)","A|A","AFR, ALL, YRI","-","-"
"NA18501 (M)","A","AFR, ALL, YRI","-","-"
"NA18502 (F)","A|A","AFR, ALL, YRI","-","-"
"NA18504 (M)","A","AFR, ALL, YRI","-","-"
"NA18505 (F)","A|A","AFR, ALL, YRI","-","-"
"NA18507 (M)","A","AFR, ALL, YRI","-","-"
"NA18508 (F)","A|A","AFR, ALL, YRI","-","-"
"NA18510 (M)","A","AFR, ALL, YRI","-","-"
"NA18511 (F)","A|A","AFR, ALL, YRI","-","-"
"NA18516 (M)","A","AFR, ALL, YRI","-","-"
"NA18517 (F)","A|A","AFR, ALL, YRI","-","-"
"NA18519 (M)","A","AFR, ALL, YRI","-","-"
"NA18520 (F)","A|A","AFR, ALL, YRI","-","-"
"NA18522 (M)","A","AFR, ALL, YRI","-","-"
"NA18523 (F)","A|A","AFR, ALL, YRI","-","-"
"NA18853 (M)","A","AFR, ALL, YRI","-","-"
"NA18856 (M)","A","AFR, ALL, YRI","-","-"
"NA18858 (F)","A|A","AFR, ALL, YRI","-","-"
"NA18861 (F)","A|A","AFR, ALL, YRI","-","-"
"NA18864 (F)","A|A","AFR, ALL, YRI","-","-"
"NA18865 (M)","A","AFR, ALL, YRI","-","-"
"NA18867 (F)","A|A","AFR, ALL, YRI","-","-"
"NA18868 (M)","A","AFR, ALL, YRI","-","-"
"NA18870 (F)","A|A","AFR, ALL, YRI","-","-"
"NA18871 (M)","A","AFR, ALL, YRI","-","-"
"NA18873 (F)","A|A","AFR, ALL, YRI","-","-"
"NA18874 (M)","A","AFR, ALL, YRI","-","-"
"NA18876 (F)","A|A","AFR, ALL, YRI","-","-"
"NA18877 (M)","A","AFR, ALL, YRI","-","-"
"NA18878 (F)","A|A","AFR, ALL, YRI","-","-"
"NA18879 (M)","A","AFR, ALL, YRI","-","-"
"NA18881 (F)","A|A","AFR, ALL, YRI","-","-"
"NA18907 (F)","A|A","AFR, ALL, YRI","-","-"
"NA18908 (M)","A","AFR, ALL, YRI","-","-"
"NA18909 (F)","A|A","AFR, ALL, YRI","-","-"
"NA18910 (M)","A","AFR, ALL, YRI","-","-"
"NA18912 (F)","A|A","AFR, ALL, YRI","-","-"
"NA18915 (M)","A","AFR, ALL, YRI","-","-"
"NA18916 (F)","A|A","AFR, ALL, YRI","-","-"
"NA18917 (M)","A","AFR, ALL, YRI","-","-"
"NA18923 (M)","A","AFR, ALL, YRI","-","-"
"NA18924 (F)","A|A","AFR, ALL, YRI","-","-"
"NA18933 (F)","A|A","AFR, ALL, YRI","-","-"
"NA18934 (M)","A","AFR, ALL, YRI","-","-"
"NA19017 (F)","A|A","AFR, ALL, LWK","-","-"
"NA19019 (F)","A|A","AFR, ALL, LWK","-","-"
"NA19020 (M)","A","AFR, ALL, LWK","-","-"
"NA19023 (F)","A|A","AFR, ALL, LWK","-","-"
"NA19024 (F)","A|A","AFR, ALL, LWK","-","-"
"NA19025 (M)","A","AFR, ALL, LWK","-","-"
"NA19026 (M)","A","AFR, ALL, LWK","-","-"
"NA19027 (M)","A","AFR, ALL, LWK","-","-"
"NA19028 (M)","A","AFR, ALL, LWK","-","-"
"NA19030 (F)","A|A","AFR, ALL, LWK","-","-"
"NA19031 (M)","A","AFR, ALL, LWK","-","-"
"NA19035 (M)","A","AFR, ALL, LWK","-","-"
"NA19036 (F)","A|A","AFR, ALL, LWK","-","-"
"NA19037 (F)","A|A","AFR, ALL, LWK","-","-"
"NA19038 (F)","A|A","AFR, ALL, LWK","-","-"
"NA19041 (M)","A","AFR, ALL, LWK","-","-"
"NA19042 (F)","A|A","AFR, ALL, LWK","-","-"
"NA19043 (M)","A","AFR, ALL, LWK","-","-"
"NA19092 (M)","A","AFR, ALL, YRI","-","-"
"NA19093 (F)","A|A","AFR, ALL, YRI","-","-"
"NA19095 (F)","A|A","AFR, ALL, YRI","-","-"
"NA19096 (M)","A","AFR, ALL, YRI","-","-"
"NA19098 (M)","A","AFR, ALL, YRI","-","-"
"NA19099 (F)","A|A","AFR, ALL, YRI","-","-"
"NA19102 (F)","A|A","AFR, ALL, YRI","-","-"
"NA19107 (M)","A","AFR, ALL, YRI","-","-"
"NA19108 (F)","A|A","AFR, ALL, YRI","-","-"
"NA19113 (M)","A","AFR, ALL, YRI","-","-"
"NA19114 (F)","A|A","AFR, ALL, YRI","-","-"
"NA19116 (F)","A|A","AFR, ALL, YRI","-","-"
"NA19117 (M)","A","AFR, ALL, YRI","-","-"
"NA19118 (F)","A|A","AFR, ALL, YRI","-","-"
"NA19119 (M)","A","AFR, ALL, YRI","-","-"
"NA19121 (M)","A","AFR, ALL, YRI","-","-"
"NA19129 (F)","A|A","AFR, ALL, YRI","-","-"
"NA19130 (M)","A","AFR, ALL, YRI","-","-"
"NA19131 (F)","A|A","AFR, ALL, YRI","-","-"
"NA19137 (F)","A|A","AFR, ALL, YRI","-","-"
"NA19138 (M)","A","AFR, ALL, YRI","-","-"
"NA19141 (M)","A","AFR, ALL, YRI","-","-"
"NA19143 (F)","A|A","AFR, ALL, YRI","-","-"
"NA19144 (M)","A","AFR, ALL, YRI","-","-"
"NA19146 (M)","A","AFR, ALL, YRI","-","-"
"NA19147 (F)","A|A","AFR, ALL, YRI","-","-"
"NA19149 (F)","A|A","AFR, ALL, YRI","-","-"
"NA19152 (F)","A|A","AFR, ALL, YRI","-","-"
"NA19153 (M)","A","AFR, ALL, YRI","-","-"
"NA19159 (F)","A|A","AFR, ALL, YRI","-","-"
"NA19160 (M)","A","AFR, ALL, YRI","-","-"
"NA19171 (M)","A","AFR, ALL, YRI","-","-"
"NA19172 (F)","A|A","AFR, ALL, YRI","-","-"
"NA19175 (M)","A","AFR, ALL, YRI","-","-"
"NA19184 (M)","A","AFR, ALL, YRI","-","-"
"NA19185 (F)","A|A","AFR, ALL, YRI","-","-"
"NA19189 (M)","A","AFR, ALL, YRI","-","-"
"NA19190 (F)","A|A","AFR, ALL, YRI","-","-"
"NA19197 (F)","A|A","AFR, ALL, YRI","-","-"
"NA19198 (M)","A","AFR, ALL, YRI","-","-"
"NA19200 (M)","A","AFR, ALL, YRI","-","-"
"NA19201 (F)","A|A","AFR, ALL, YRI","-","-"
"NA19204 (F)","A|A","AFR, ALL, YRI","-","-"
"NA19206 (F)","A|A","AFR, ALL, YRI","-","-"
"NA19207 (M)","A","AFR, ALL, YRI","-","-"
"NA19209 (F)","A|A","AFR, ALL, YRI","-","-"
"NA19210 (M)","A","AFR, ALL, YRI","-","-"
"NA19213 (M)","A","AFR, ALL, YRI","-","-"
"NA19214 (F)","A|A","AFR, ALL, YRI","-","-"
"NA19222 (F)","A|A","AFR, ALL, YRI","-","-"
"NA19223 (M)","A","AFR, ALL, YRI","-","-"
"NA19225 (F)","A|A","AFR, ALL, YRI","-","-"
"NA19235 (F)","A|A","AFR, ALL, YRI","-","-"
"NA19236 (M)","A","AFR, ALL, YRI","-","-"
"NA19238 (F)","A|A","AFR, ALL, YRI","-","-"
"NA19239 (M)","A","AFR, ALL, YRI","-","-"
"NA19247 (F)","A|A","AFR, ALL, YRI","-","-"
"NA19248 (M)","A","AFR, ALL, YRI","-","-"
"NA19256 (M)","A","AFR, ALL, YRI","-","-"
"NA19257 (F)","A|A","AFR, ALL, YRI","-","-"
"NA19307 (M)","A","AFR, ALL, LWK","-","-"
"NA19308 (M)","A","AFR, ALL, LWK","-","-"
"NA19309 (M)","A","AFR, ALL, LWK","-","-"
"NA19310 (F)","A|A","AFR, ALL, LWK","-","-"
"NA19312 (M)","A","AFR, ALL, LWK","-","-"
"NA19314 (F)","A|A","AFR, ALL, LWK","-","-"
"NA19315 (F)","A|A","AFR, ALL, LWK","-","-"
"NA19316 (F)","A|A","AFR, ALL, LWK","-","-"
"NA19317 (M)","A","AFR, ALL, LWK","-","-"
"NA19318 (M)","A","AFR, ALL, LWK","-","-"
"NA19319 (M)","A","AFR, ALL, LWK","-","-"
"NA19320 (F)","A|A","AFR, ALL, LWK","-","-"
"NA19321 (F)","A|A","AFR, ALL, LWK","-","-"
"NA19323 (F)","A|A","AFR, ALL, LWK","-","-"
"NA19324 (F)","A|A","AFR, ALL, LWK","-","-"
"NA19327 (F)","A|A","AFR, ALL, LWK","-","-"
"NA19328 (F)","A|A","AFR, ALL, LWK","-","-"
"NA19331 (M)","A","AFR, ALL, LWK","-","-"
"NA19332 (F)","A|A","AFR, ALL, LWK","-","-"
"NA19334 (M)","A","AFR, ALL, LWK","-","-"
"NA19338 (F)","A|A","AFR, ALL, LWK","-","-"
"NA19346 (M)","A","AFR, ALL, LWK","-","-"
"NA19347 (M)","A","AFR, ALL, LWK","-","-"
"NA19350 (M)","A","AFR, ALL, LWK","-","-"
"NA19351 (F)","A|A","AFR, ALL, LWK","-","-"
"NA19355 (F)","A|A","AFR, ALL, LWK","-","-"
"NA19360 (M)","A","AFR, ALL, LWK","-","-"
"NA19372 (M)","A","AFR, ALL, LWK","-","-"
"NA19374 (M)","A","AFR, ALL, LWK","-","-"
"NA19375 (M)","A","AFR, ALL, LWK","-","-"
"NA19376 (M)","A","AFR, ALL, LWK","-","-"
"NA19377 (F)","A|A","AFR, ALL, LWK","-","-"
"NA19378 (F)","A|A","AFR, ALL, LWK","-","-"
"NA19379 (F)","A|A","AFR, ALL, LWK","-","-"
"NA19380 (M)","A","AFR, ALL, LWK","-","-"
"NA19383 (M)","A","AFR, ALL, LWK","-","-"
"NA19384 (M)","A","AFR, ALL, LWK","-","-"
"NA19385 (M)","A","AFR, ALL, LWK","-","-"
"NA19390 (F)","A|A","AFR, ALL, LWK","-","-"
"NA19391 (F)","A|A","AFR, ALL, LWK","-","-"
"NA19393 (M)","A","AFR, ALL, LWK","-","-"
"NA19394 (M)","A","AFR, ALL, LWK","-","-"
"NA19395 (F)","A|A","AFR, ALL, LWK","-","-"
"NA19397 (M)","A","AFR, ALL, LWK","-","-"
"NA19399 (F)","A|A","AFR, ALL, LWK","-","-"
"NA19401 (F)","A|A","AFR, ALL, LWK","-","-"
"NA19403 (F)","A|A","AFR, ALL, LWK","-","-"
"NA19404 (F)","A|A","AFR, ALL, LWK","-","-"
"NA19428 (M)","A","AFR, ALL, LWK","-","-"
"NA19429 (M)","A","AFR, ALL, LWK","-","-"
"NA19430 (M)","A","AFR, ALL, LWK","-","-"
"NA19431 (F)","A|A","AFR, ALL, LWK","-","-"
"NA19434 (F)","A|A","AFR, ALL, LWK","-","-"
"NA19435 (F)","A|A","AFR, ALL, LWK","-","-"
"NA19436 (F)","A|A","AFR, ALL, LWK","-","-"
"NA19437 (F)","A|A","AFR, ALL, LWK","-","-"
"NA19438 (F)","A|A","AFR, ALL, LWK","-","-"
"NA19439 (F)","A|A","AFR, ALL, LWK","-","-"
"NA19440 (F)","A|A","AFR, ALL, LWK","-","-"
"NA19443 (M)","A","AFR, ALL, LWK","-","-"
"NA19445 (F)","A|A","AFR, ALL, LWK","-","-"
"NA19446 (F)","A|G","AFR, ALL, LWK","-","-"
"NA19448 (M)","A","AFR, ALL, LWK","-","-"
"NA19449 (F)","A|A","AFR, ALL, LWK","-","-"
"NA19451 (M)","A","AFR, ALL, LWK","-","-"
"NA19452 (M)","A","AFR, ALL, LWK","-","-"
"NA19454 (M)","A","AFR, ALL, LWK","-","-"
"NA19455 (M)","A","AFR, ALL, LWK","-","-"
"NA19456 (F)","A|A","AFR, ALL, LWK","-","-"
"NA19457 (F)","A|A","AFR, ALL, LWK","-","-"
"NA19461 (M)","A","AFR, ALL, LWK","-","-"
"NA19462 (F)","A|A","AFR, ALL, LWK","-","-"
"NA19463 (F)","A|A","AFR, ALL, LWK","-","-"
"NA19466 (M)","A","AFR, ALL, LWK","-","-"
"NA19467 (F)","A|A","AFR, ALL, LWK","-","-"
"NA19468 (F)","A|A","AFR, ALL, LWK","-","-"
"NA19471 (F)","A|A","AFR, ALL, LWK","-","-"
"NA19472 (F)","A|A","AFR, ALL, LWK","-","-"
"NA19473 (F)","A|A","AFR, ALL, LWK","-","-"
"NA19474 (F)","A|A","AFR, ALL, LWK","-","-"
"NA19475 (F)","A|A","AFR, ALL, LWK","-","-"
"NA19625 (F)","A|A","AFR, ALL, ASW","-","-"
"NA19700 (M)","A","AFR, ALL, ASW","-","-"
"NA19701 (F)","A|A","AFR, ALL, ASW","-","-"
"NA19703 (M)","A","AFR, ALL, ASW","-","-"
"NA19704 (F)","A|A","AFR, ALL, ASW","-","-"
"NA19707 (F)","A|A","AFR, ALL, ASW","-","-"
"NA19711 (M)","A","AFR, ALL, ASW","-","-"
"NA19712 (F)","A|A","AFR, ALL, ASW","-","-"
"NA19713 (F)","A|A","AFR, ALL, ASW","-","-"
"NA19818 (M)","A","AFR, ALL, ASW","-","-"
"NA19819 (F)","A|A","AFR, ALL, ASW","-","-"
"NA19834 (M)","A","AFR, ALL, ASW","-","-"
"NA19835 (F)","A|A","AFR, ALL, ASW","-","-"
"NA19900 (M)","A","AFR, ALL, ASW","-","-"
"NA19901 (F)","A|A","AFR, ALL, ASW","-","-"
"NA19904 (M)","A","AFR, ALL, ASW","-","-"
"NA19908 (M)","A","AFR, ALL, ASW","-","-"
"NA19909 (F)","A|A","AFR, ALL, ASW","-","-"
"NA19913 (F)","A|A","AFR, ALL, ASW","-","-"
"NA19914 (F)","A|A","AFR, ALL, ASW","-","-"
"NA19916 (M)","A","AFR, ALL, ASW","-","-"
"NA19917 (F)","A|A","AFR, ALL, ASW","-","-"
"NA19920 (M)","A","AFR, ALL, ASW","-","-"
"NA19921 (F)","A|A","AFR, ALL, ASW","-","-"
"NA19922 (M)","A","AFR, ALL, ASW","-","-"
"NA19923 (F)","A|A","AFR, ALL, ASW","-","-"
"NA19982 (M)","A","AFR, ALL, ASW","-","-"
"NA19984 (M)","A","AFR, ALL, ASW","-","-"
"NA20126 (M)","A","AFR, ALL, ASW","-","-"
"NA20127 (F)","A|A","AFR, ALL, ASW","-","-"
"NA20274 (F)","A|A","AFR, ALL, ASW","-","-"
"NA20276 (F)","A|A","AFR, ALL, ASW","-","-"
"NA20278 (M)","A","AFR, ALL, ASW","-","-"
"NA20281 (M)","A","AFR, ALL, ASW","-","-"
"NA20282 (F)","A|A","AFR, ALL, ASW","-","-"
"NA20287 (F)","A|A","AFR, ALL, ASW","-","-"
"NA20289 (F)","A|A","AFR, ALL, ASW","-","-"
"NA20291 (M)","A","AFR, ALL, ASW","-","-"
"NA20294 (F)","A|A","AFR, ALL, ASW","-","-"
"NA20296 (F)","A|A","AFR, ALL, ASW","-","-"
"NA20298 (M)","A","AFR, ALL, ASW","-","-"
"NA20299 (F)","A|A","AFR, ALL, ASW","-","-"
"NA20314 (F)","A|A","AFR, ALL, ASW","-","-"
"NA20317 (F)","A|A","AFR, ALL, ASW","-","-"
"NA20318 (M)","A","AFR, ALL, ASW","-","-"
"NA20320 (F)","A|A","AFR, ALL, ASW","-","-"
"NA20321 (F)","A|A","AFR, ALL, ASW","-","-"
"NA20332 (F)","A|A","AFR, ALL, ASW","-","-"
"NA20334 (F)","A|A","AFR, ALL, ASW","-","-"
"NA20339 (F)","A|A","AFR, ALL, ASW","-","-"
"NA20340 (M)","A","AFR, ALL, ASW","-","-"
"NA20342 (M)","A","AFR, ALL, ASW","-","-"
"NA20346 (M)","A","AFR, ALL, ASW","-","-"
"NA20348 (M)","A","AFR, ALL, ASW","-","-"
"NA20351 (M)","A","AFR, ALL, ASW","-","-"
"NA20355 (F)","A|A","AFR, ALL, ASW","-","-"
"NA20356 (M)","A","AFR, ALL, ASW","-","-"
"NA20357 (F)","A|A","AFR, ALL, ASW","-","-"
"NA20359 (F)","A|A","AFR, ALL, ASW","-","-"
"NA20362 (M)","A","AFR, ALL, ASW","-","-"
"NA20412 (F)","A|A","AFR, ALL, ASW","-","-"
